{
  "project_info": {
    "project_number": "394709565846",
    "project_id": "dereev-ilya-pr20",
    "storage_bucket": "dereev-ilya-pr20.appspot.com"
  },
  "client": [
    {
      "client_info": {
        "mobilesdk_app_id": "1:394709565846:android:de8ba0412d0050c4365db7",
        "android_client_info": {
          "package_name": "com.example.dereev_ilya_pr20"
        }
      },
      "oauth_client": [],
      "api_key": [
        {
          "current_key": "AIzaSyBJ396FQ_A4_T6ldqCvTfaGmM73qocpjpc"
        }
      ],
      "services": {
        "appinvite_service": {
          "other_platform_oauth_client": []
        }
      }
    }
  ],
  "configuration_version": "1"
}